imgurl0,imgurl1,imgurl2,imgurl3,imgurl4,theme0,theme1,theme2,theme3,theme4,word0,word1,word2,word3,word4,theme00,theme01,theme02,theme03,theme04,theme05,theme06,theme07,theme08,theme09,theme10,theme11,theme12,theme13,theme14,theme15,theme16,theme17,theme18,theme19,theme20,theme21,theme22,theme23,theme24,theme25,theme26,theme27,theme28,theme29,theme30,theme31,theme32,theme33,theme34,theme35,theme36,theme37,theme38,theme39,theme40,theme41,theme42,theme43,theme44,theme45,theme46,theme47,theme48,theme49
https://purvaten.github.io/doodles/D5/81/0.png,https://purvaten.github.io/doodles/D5/38/0.png,https://purvaten.github.io/doodles/D5/49/0.png,https://purvaten.github.io/doodles/D5/14/0.png,https://purvaten.github.io/doodles/D5/82/0.png,supplements,gambling,"love,human,small","cartoon,toy,polar",technology,caplet,casino,baby,bear,computer,supplements,drinks,"food,ingredients,dessert","candles,recipes,balm",pets,fantasy,"royalty,structure,magical,historic","pastor,jesus,people,steeple","cross,bible,church,heart","gift,hands,food",gambling,"sports,competition","amusement,parks,movies","banking,finance,support",fantasy,"gift,hands,food","playful,cute,cuddly,animal",win,"food,ingredients,dessert","corpse,undertaker,vampire","love,human,small","playful,cute,cuddly,animal","wedding,love,rings","glow,big,space,aliens","whale,water,large","vehicle,driving,passenger,road,signs","books,academics,scholastics","nike,sneaker,running","cartoon,toy,polar","cross,bible,church,heart","cartoon,toy,polar","playful,cute,cuddly,animal","glow,big,space,aliens","fish,mermaid,sailor","spooky,haunted,halloween","brown,round,edges","internet,information","tire,car,key","police,lawyer,criminal",win,technology,"internet,information",healthcare,"automobiles,cars",automobile,"police,lawyer,criminal","players,balls","pastor,jesus,people,steeple",decorations,"food,ingredients,dessert"
https://purvaten.github.io/doodles/D5/76/0.png,https://purvaten.github.io/doodles/D5/24/0.png,https://purvaten.github.io/doodles/D5/20/0.png,https://purvaten.github.io/doodles/D5/56/0.png,https://purvaten.github.io/doodles/D5/65/0.png,"spooky,haunted,halloween",drinks,"cross,bible,church,heart","nike,sneaker,running","police,lawyer,criminal",ghosts,water,jesus,shoe,law,"spooky,haunted,halloween","corpse,undertaker,vampire","glow,big,space,aliens","cartoon,toy,polar","playful,cute,cuddly,animal","home,decor,furniture","bat,stadium,baseball,popcorn",old,supplements,water,drinks,"food,ingredients,dessert",supplements,"cake,cookies,pies,oven","gift,hands,food","pets,babies,family","countries,continents,natural","amusement,parks,movies","bat,stadium,baseball,popcorn","banking,finance,support","cross,bible,church,heart","pastor,jesus,people,steeple","priest,nun,bishop","wedding,love,rings","love,human,small","secretary,boss","music,melody,songs,concerts,singers",usa,"gift,hands,food","weather,disaster","nike,sneaker,running",usa,"soccer,worldcup,fifa","cartoon,toy,polar","sports,competition",pets,"cold,white,winter","difficult,study,read,learning","playful,cute,cuddly,animal",old,"police,lawyer,criminal","priest,nun,bishop","secretary,boss","family,children,parents","corpse,undertaker,vampire",drinks,zoo,"automobiles,cars",fantasy,pets
https://purvaten.github.io/doodles/D5/36/0.png,https://purvaten.github.io/doodles/D5/81/1.png,https://purvaten.github.io/doodles/D5/68/0.png,https://purvaten.github.io/doodles/D5/92/0.png,https://purvaten.github.io/doodles/D5/7/0.png,fruit,supplements,"racing,mechanics,repair","whale,water,large","birds,tropical",apple,tab,car,beluga,parrot,fruit,"food,ingredients,dessert","plant,flower,petals,thorn,stem","cake,cookies,pies,oven",garden,supplements,win,"gift,hands,food",ocean,"internet,information",supplements,drinks,"food,ingredients,dessert","candles,recipes,balm",pets,fantasy,"royalty,structure,magical,historic","pastor,jesus,people,steeple","cross,bible,church,heart","gift,hands,food","racing,mechanics,repair","tire,car,key",automobile,"automobiles,cars","sports,competition",broke,"home,decor,furniture","strong,power,brave,courageous","dogs,animals",old,"whale,water,large",water,"fish,mermaid,sailor","fish,waves,boats",ocean,"glow,big,space,aliens","brown,round,edges","internet,information","cake,cookies,pies,oven",gambling,"birds,tropical","spring,animals","dogs,animals",ocean,"fish,waves,boats","pastor,jesus,people,steeple","cake,cookies,pies,oven","sky,rain,weather","priest,nun,bishop","trump,gop,news"
https://purvaten.github.io/doodles/D5/33/0.png,https://purvaten.github.io/doodles/D5/47/0.png,https://purvaten.github.io/doodles/D5/3/0.png,https://purvaten.github.io/doodles/D5/30/0.png,https://purvaten.github.io/doodles/D5/84/0.png,"food,ingredients,dessert","internet,information",automobile,"fish,waves,boats","tire,car,key",icecream,computer,racecar,ocean,driving,"food,ingredients,dessert","cake,cookies,pies,oven","candles,recipes,balm","gift,hands,food",drinks,automobile,pets,"scare,fearful,silent,afraid","royalty,structure,magical,historic","cartoon,toy,polar","internet,information",technology,news,"difficult,study,read,learning","banking,finance,support",healthcare,"scare,fearful,silent,afraid","sky,rain,weather","cold,white,winter","pets,babies,family",automobile,"automobiles,cars","vehicle,driving,passenger,road,signs","tire,car,key","racing,mechanics,repair","sky,rain,weather","priest,nun,bishop","wedding,love,rings","pets,babies,family","trump,gop,news","fish,waves,boats","fish,mermaid,sailor","whale,water,large",ocean,"birds,tropical","bat,stadium,baseball,popcorn","banking,finance,support",fruit,"vehicle,driving,passenger,road,signs","festivals,broadway,emotions","tire,car,key","vehicle,driving,passenger,road,signs",automobile,"automobiles,cars","racing,mechanics,repair","home,decor,furniture",cookware,"forest,tree,mountain","trump,gop,news","weather,disaster"
https://purvaten.github.io/doodles/D5/1/0.png,https://purvaten.github.io/doodles/D5/28/0.png,https://purvaten.github.io/doodles/D5/61/0.png,https://purvaten.github.io/doodles/D5/17/0.png,https://purvaten.github.io/doodles/D5/18/0.png,"dogs,animals","festivals,broadway,emotions","pets,babies,family",cookware,"corpse,undertaker,vampire",cat,music,dog,pie,cemetery,"dogs,animals",pets,"spring,animals","pets,babies,family","playful,cute,cuddly,animal","secretary,boss","weather,disaster","pastor,jesus,people,steeple","tire,car,key","priest,nun,bishop","festivals,broadway,emotions","music,melody,songs,concerts,singers","amusement,parks,movies","wedding,love,rings","love,human,small","fish,waves,boats",fruit,"cake,cookies,pies,oven","scare,fearful,silent,afraid",news,"pets,babies,family",pets,"family,children,parents","dogs,animals","spring,animals",healthcare,ocean,"mythical,beast,majestic,fire",supplements,"fish,waves,boats",cookware,"home,decor,furniture","food,ingredients,dessert","candles,recipes,balm","cake,cookies,pies,oven","weather,disaster","fish,waves,boats","racing,mechanics,repair",gambling,"banking,finance,support","corpse,undertaker,vampire","fish,mermaid,sailor","spooky,haunted,halloween","priest,nun,bishop","pastor,jesus,people,steeple","cartoon,toy,polar","birds,tropical","royalty,structure,magical,historic",news,healthcare
https://purvaten.github.io/doodles/D5/13/0.png,https://purvaten.github.io/doodles/D5/26/0.png,https://purvaten.github.io/doodles/D5/77/1.png,https://purvaten.github.io/doodles/D5/52/0.png,https://purvaten.github.io/doodles/D5/44/0.png,"candles,recipes,balm","family,children,parents","sports,competition","music,melody,songs,concerts,singers",decorations,apple,people,basketball,guitar,christmas,"candles,recipes,balm","cake,cookies,pies,oven","food,ingredients,dessert","gift,hands,food",decorations,"police,lawyer,criminal","players,balls","pets,babies,family","royalty,structure,magical,historic","wedding,love,rings","family,children,parents","pets,babies,family",pets,"dogs,animals","wedding,love,rings",gambling,"playful,cute,cuddly,animal","spooky,haunted,halloween","spring,animals",fruit,"sports,competition","soccer,worldcup,fifa",watersports,"books,academics,scholastics","bat,stadium,baseball,popcorn","brown,round,edges","vacation,beach,sunny","fish,mermaid,sailor","strong,power,brave,courageous","pollution,dirt,wastage","music,melody,songs,concerts,singers","festivals,broadway,emotions","wedding,love,rings","candles,recipes,balm","amusement,parks,movies","home,decor,furniture","sports,competition","tire,car,key",garden,"plant,flower,petals,thorn,stem",decorations,"home,decor,furniture",garden,"candles,recipes,balm","cake,cookies,pies,oven","difficult,study,read,learning","sports,competition","pollution,dirt,wastage","strong,power,brave,courageous","mythical,beast,majestic,fire"
https://purvaten.github.io/doodles/D5/6/0.png,https://purvaten.github.io/doodles/D5/48/0.png,https://purvaten.github.io/doodles/D5/63/0.png,https://purvaten.github.io/doodles/D5/73/0.png,https://purvaten.github.io/doodles/D5/17/1.png,"birds,tropical",library,"players,balls","sky,rain,weather",cookware,fly,book,sports,clouds,tin,"birds,tropical","spring,animals","dogs,animals",ocean,"fish,waves,boats","pastor,jesus,people,steeple","cake,cookies,pies,oven","sky,rain,weather","priest,nun,bishop","trump,gop,news",library,"amusement,parks,movies","books,academics,scholastics",zoo,garden,"fish,waves,boats","secretary,boss","wedding,love,rings","banking,finance,support","festivals,broadway,emotions","players,balls","bat,stadium,baseball,popcorn","sports,competition","brown,round,edges","soccer,worldcup,fifa","automobiles,cars","strong,power,brave,courageous","vehicle,driving,passenger,road,signs",supplements,"fish,waves,boats","sky,rain,weather","weather,disaster","cold,white,winter","flying,sky,pilot","vacation,beach,sunny","police,lawyer,criminal",news,old,"automobiles,cars","internet,information",cookware,"home,decor,furniture","food,ingredients,dessert","candles,recipes,balm","cake,cookies,pies,oven","weather,disaster","fish,waves,boats","racing,mechanics,repair",gambling,"banking,finance,support"
https://purvaten.github.io/doodles/D5/71/0.png,https://purvaten.github.io/doodles/D5/93/0.png,https://purvaten.github.io/doodles/D5/86/0.png,https://purvaten.github.io/doodles/D5/72/0.png,https://purvaten.github.io/doodles/D5/34/0.png,"scare,fearful,silent,afraid",win,"vacation,beach,sunny","secretary,boss","food,ingredients,dessert",coward,lottery,summer,office,eat,"scare,fearful,silent,afraid","strong,power,brave,courageous","love,human,small","spooky,haunted,halloween","magic,power,mystery","flying,sky,pilot","priest,nun,bishop","sports,competition","difficult,study,read,learning","music,melody,songs,concerts,singers",win,"brown,round,edges","strong,power,brave,courageous","players,balls","sports,competition","priest,nun,bishop","internet,information","nature,plants",fantasy,"trump,gop,news","vacation,beach,sunny","birds,tropical","cold,white,winter",watersports,"sky,rain,weather","vehicle,driving,passenger,road,signs",news,zoo,old,healthcare,"secretary,boss","police,lawyer,criminal","priest,nun,bishop","banking,finance,support","corpse,undertaker,vampire","spring,animals",win,"family,children,parents",news,zoo,"food,ingredients,dessert","cake,cookies,pies,oven","candles,recipes,balm","gift,hands,food",drinks,automobile,pets,"scare,fearful,silent,afraid","royalty,structure,magical,historic","cartoon,toy,polar"
https://purvaten.github.io/doodles/D5/87/0.png,https://purvaten.github.io/doodles/D5/29/0.png,https://purvaten.github.io/doodles/D5/55/0.png,https://purvaten.github.io/doodles/D5/25/0.png,https://purvaten.github.io/doodles/D5/94/0.png,"vehicle,driving,passenger,road,signs","fish,mermaid,sailor",news,"vehicle,driving,passenger,road,signs",zoo,car,water,television,car,panda,"vehicle,driving,passenger,road,signs","tire,car,key","automobiles,cars",automobile,"flying,sky,pilot",technology,"royalty,structure,magical,historic","vacation,beach,sunny","trump,gop,news","banking,finance,support","fish,mermaid,sailor","fish,waves,boats","whale,water,large",ocean,"corpse,undertaker,vampire",library,"home,decor,furniture","love,human,small","playful,cute,cuddly,animal","secretary,boss",news,"trump,gop,news","internet,information","weather,disaster","sports,competition",win,"wedding,love,rings","mythical,beast,majestic,fire","spring,animals","tire,car,key","vehicle,driving,passenger,road,signs","tire,car,key","automobiles,cars",automobile,"flying,sky,pilot",technology,"royalty,structure,magical,historic","vacation,beach,sunny","trump,gop,news","banking,finance,support",zoo,"dogs,animals","amusement,parks,movies","spring,animals","playful,cute,cuddly,animal","pets,babies,family","fish,mermaid,sailor","corpse,undertaker,vampire","countries,continents,natural","trump,gop,news"
https://purvaten.github.io/doodles/D5/66/0.png,https://purvaten.github.io/doodles/D5/51/0.png,https://purvaten.github.io/doodles/D5/82/1.png,https://purvaten.github.io/doodles/D5/4/0.png,https://purvaten.github.io/doodles/D5/44/1.png,"pollution,dirt,wastage","music,melody,songs,concerts,singers",technology,"banking,finance,support",decorations,environment,microphone,future,money,tree,"pollution,dirt,wastage",water,"whale,water,large","nature,plants","sky,rain,weather","cake,cookies,pies,oven","family,children,parents",watersports,"spring,animals","cartoon,toy,polar","music,melody,songs,concerts,singers","festivals,broadway,emotions","wedding,love,rings","candles,recipes,balm","amusement,parks,movies","home,decor,furniture","sports,competition","tire,car,key",garden,"plant,flower,petals,thorn,stem",technology,"internet,information",healthcare,"automobiles,cars",automobile,"police,lawyer,criminal","players,balls","pastor,jesus,people,steeple",decorations,"food,ingredients,dessert","banking,finance,support",healthcare,gambling,"trump,gop,news","internet,information",automobile,"cross,bible,church,heart","secretary,boss",win,"sports,competition",decorations,"home,decor,furniture",garden,"candles,recipes,balm","cake,cookies,pies,oven","difficult,study,read,learning","sports,competition","pollution,dirt,wastage","strong,power,brave,courageous","mythical,beast,majestic,fire"
https://purvaten.github.io/doodles/D5/27/0.png,https://purvaten.github.io/doodles/D5/77/3.png,https://purvaten.github.io/doodles/D5/53/0.png,https://purvaten.github.io/doodles/D5/32/0.png,https://purvaten.github.io/doodles/D5/54/0.png,fantasy,"sports,competition","mythical,beast,majestic,fire","food,ingredients,dessert","nature,plants",elf,soccer,dragon,pizza,tree,fantasy,"amusement,parks,movies","cartoon,toy,polar","mythical,beast,majestic,fire","magic,power,mystery",win,"secretary,boss","players,balls",pets,"fish,waves,boats","sports,competition","soccer,worldcup,fifa",watersports,"books,academics,scholastics","bat,stadium,baseball,popcorn","brown,round,edges","vacation,beach,sunny","fish,mermaid,sailor","strong,power,brave,courageous","pollution,dirt,wastage","mythical,beast,majestic,fire","royalty,structure,magical,historic","forest,tree,mountain","magic,power,mystery","playful,cute,cuddly,animal",technology,"vacation,beach,sunny","bat,stadium,baseball,popcorn",fantasy,"cartoon,toy,polar","food,ingredients,dessert","cake,cookies,pies,oven","candles,recipes,balm","gift,hands,food",drinks,automobile,pets,"scare,fearful,silent,afraid","royalty,structure,magical,historic","cartoon,toy,polar","nature,plants","plant,flower,petals,thorn,stem",garden,"spring,animals","birds,tropical","magic,power,mystery","soccer,worldcup,fifa","gift,hands,food",decorations,"strong,power,brave,courageous"
https://purvaten.github.io/doodles/D5/69/0.png,https://purvaten.github.io/doodles/D5/62/0.png,https://purvaten.github.io/doodles/D5/89/0.png,https://purvaten.github.io/doodles/D5/67/0.png,https://purvaten.github.io/doodles/D5/40/0.png,"music,melody,songs,concerts,singers","plant,flower,petals,thorn,stem",watersports,"priest,nun,bishop",garden,rockstar,rose,canoe,church,vegetables,"music,melody,songs,concerts,singers","festivals,broadway,emotions","wedding,love,rings","candles,recipes,balm","amusement,parks,movies","home,decor,furniture","sports,competition","tire,car,key",garden,"plant,flower,petals,thorn,stem","plant,flower,petals,thorn,stem",garden,"nature,plants",fruit,"forest,tree,mountain","cross,bible,church,heart","family,children,parents","internet,information","nike,sneaker,running","players,balls",watersports,"vacation,beach,sunny","amusement,parks,movies","sports,competition","fish,mermaid,sailor",automobile,ocean,"internet,information","dogs,animals","pets,babies,family","priest,nun,bishop","pastor,jesus,people,steeple","cross,bible,church,heart","corpse,undertaker,vampire","fish,mermaid,sailor","countries,continents,natural",water,fantasy,"internet,information","difficult,study,read,learning",garden,"plant,flower,petals,thorn,stem","nature,plants","home,decor,furniture",decorations,"strong,power,brave,courageous","brown,round,edges","royalty,structure,magical,historic","flying,sky,pilot","priest,nun,bishop"
https://purvaten.github.io/doodles/D5/82/2.png,https://purvaten.github.io/doodles/D5/77/2.png,https://purvaten.github.io/doodles/D5/78/0.png,https://purvaten.github.io/doodles/D5/21/0.png,https://purvaten.github.io/doodles/D5/60/0.png,technology,"sports,competition","sports,competition","difficult,study,read,learning",pets,phone,running,trophy,test,animals,technology,"internet,information",healthcare,"automobiles,cars",automobile,"police,lawyer,criminal","players,balls","pastor,jesus,people,steeple",decorations,"food,ingredients,dessert","sports,competition","soccer,worldcup,fifa",watersports,"books,academics,scholastics","bat,stadium,baseball,popcorn","brown,round,edges","vacation,beach,sunny","fish,mermaid,sailor","strong,power,brave,courageous","pollution,dirt,wastage","sports,competition","soccer,worldcup,fifa",watersports,"books,academics,scholastics","bat,stadium,baseball,popcorn","brown,round,edges","vacation,beach,sunny","fish,mermaid,sailor","strong,power,brave,courageous","pollution,dirt,wastage","difficult,study,read,learning","books,academics,scholastics","love,human,small","family,children,parents","internet,information","police,lawyer,criminal","banking,finance,support","strong,power,brave,courageous","brown,round,edges","food,ingredients,dessert",pets,"pets,babies,family","dogs,animals","spring,animals","playful,cute,cuddly,animal",fantasy,ocean,"fish,waves,boats","cake,cookies,pies,oven","amusement,parks,movies"
https://purvaten.github.io/doodles/D5/91/0.png,https://purvaten.github.io/doodles/D5/22/0.png,https://purvaten.github.io/doodles/D5/12/0.png,https://purvaten.github.io/doodles/D5/77/0.png,https://purvaten.github.io/doodles/D5/85/0.png,"wedding,love,rings","dogs,animals","cake,cookies,pies,oven","sports,competition",usa,marriage,puppy,baker,ball,border,"wedding,love,rings","love,human,small","festivals,broadway,emotions",decorations,"cross,bible,church,heart","spring,animals",watersports,"flying,sky,pilot","amusement,parks,movies",automobile,"dogs,animals",pets,"spring,animals","pets,babies,family","playful,cute,cuddly,animal","secretary,boss","weather,disaster","pastor,jesus,people,steeple","tire,car,key","priest,nun,bishop","cake,cookies,pies,oven","food,ingredients,dessert","candles,recipes,balm","gift,hands,food",decorations,"trump,gop,news","family,children,parents",automobile,"cross,bible,church,heart",drinks,"sports,competition","soccer,worldcup,fifa",watersports,"books,academics,scholastics","bat,stadium,baseball,popcorn","brown,round,edges","vacation,beach,sunny","fish,mermaid,sailor","strong,power,brave,courageous","pollution,dirt,wastage",usa,"soccer,worldcup,fifa","trump,gop,news","nike,sneaker,running","countries,continents,natural","strong,power,brave,courageous","home,decor,furniture","bat,stadium,baseball,popcorn","family,children,parents",pets
https://purvaten.github.io/doodles/D5/8/0.png,https://purvaten.github.io/doodles/D5/85/1.png,https://purvaten.github.io/doodles/D5/2/0.png,https://purvaten.github.io/doodles/D5/37/0.png,https://purvaten.github.io/doodles/D5/11/0.png,"books,academics,scholastics",usa,automobile,fruit,"brown,round,edges",study,wall,truck,apple,football,"books,academics,scholastics","difficult,study,read,learning",library,"sports,competition","cross,bible,church,heart","fish,waves,boats",broke,supplements,"nike,sneaker,running","weather,disaster",usa,"soccer,worldcup,fifa","trump,gop,news","nike,sneaker,running","countries,continents,natural","strong,power,brave,courageous","home,decor,furniture","bat,stadium,baseball,popcorn","family,children,parents",pets,automobile,"automobiles,cars","vehicle,driving,passenger,road,signs","tire,car,key","racing,mechanics,repair","sky,rain,weather","priest,nun,bishop","wedding,love,rings","pets,babies,family","trump,gop,news",fruit,"food,ingredients,dessert","plant,flower,petals,thorn,stem","cake,cookies,pies,oven",garden,supplements,win,"gift,hands,food",ocean,"internet,information","brown,round,edges","cold,white,winter","plant,flower,petals,thorn,stem","glow,big,space,aliens","players,balls",healthcare,"internet,information","racing,mechanics,repair","home,decor,furniture",decorations
https://purvaten.github.io/doodles/D5/83/0.png,https://purvaten.github.io/doodles/D5/46/0.png,https://purvaten.github.io/doodles/D5/75/0.png,https://purvaten.github.io/doodles/D5/80/0.png,https://purvaten.github.io/doodles/D5/50/0.png,technology,"home,decor,furniture","soccer,worldcup,fifa","strong,power,brave,courageous","magic,power,mystery",harddrive,chair,pele,hero,wizard,technology,"internet,information",healthcare,"automobiles,cars",automobile,"police,lawyer,criminal","players,balls","pastor,jesus,people,steeple",decorations,"food,ingredients,dessert","home,decor,furniture",decorations,cookware,garden,"gift,hands,food","spooky,haunted,halloween","candles,recipes,balm","pastor,jesus,people,steeple","sports,competition","soccer,worldcup,fifa","soccer,worldcup,fifa",usa,"sports,competition","bat,stadium,baseball,popcorn","nike,sneaker,running","glow,big,space,aliens","playful,cute,cuddly,animal","love,human,small","forest,tree,mountain","automobiles,cars","strong,power,brave,courageous","scare,fearful,silent,afraid","love,human,small","magic,power,mystery","mythical,beast,majestic,fire","trump,gop,news","countries,continents,natural","gift,hands,food",old,"books,academics,scholastics","magic,power,mystery","mythical,beast,majestic,fire","royalty,structure,magical,historic","glow,big,space,aliens","spooky,haunted,halloween",zoo,"music,melody,songs,concerts,singers","dogs,animals","love,human,small",watersports
https://purvaten.github.io/doodles/D5/19/0.png,https://purvaten.github.io/doodles/D5/90/0.png,https://purvaten.github.io/doodles/D5/79/0.png,https://purvaten.github.io/doodles/D5/35/0.png,https://purvaten.github.io/doodles/D5/88/0.png,"countries,continents,natural","weather,disaster","spring,animals","forest,tree,mountain",water,world,hurricane,butterfly,nature,ocean,"countries,continents,natural","nature,plants","birds,tropical",ocean,"love,human,small",fruit,"soccer,worldcup,fifa","books,academics,scholastics","music,melody,songs,concerts,singers","internet,information","weather,disaster","sky,rain,weather","cold,white,winter","birds,tropical",news,water,"priest,nun,bishop","corpse,undertaker,vampire","music,melody,songs,concerts,singers","players,balls","spring,animals","dogs,animals",pets,"birds,tropical","pets,babies,family",news,"vacation,beach,sunny","whale,water,large",supplements,watersports,"forest,tree,mountain","mythical,beast,majestic,fire",garden,"birds,tropical","plant,flower,petals,thorn,stem","strong,power,brave,courageous",old,"sky,rain,weather","music,melody,songs,concerts,singers",fruit,water,"whale,water,large",ocean,"pollution,dirt,wastage","sky,rain,weather","love,human,small","sports,competition","countries,continents,natural","flying,sky,pilot",pets
https://purvaten.github.io/doodles/D5/74/0.png,https://purvaten.github.io/doodles/D5/0/0.png,https://purvaten.github.io/doodles/D5/58/0.png,https://purvaten.github.io/doodles/D5/41/0.png,https://purvaten.github.io/doodles/D5/10/0.png,"soccer,worldcup,fifa","amusement,parks,movies",old,"gift,hands,food",broke,ball,disney,age,grace,money,"soccer,worldcup,fifa",usa,"sports,competition","bat,stadium,baseball,popcorn","nike,sneaker,running","glow,big,space,aliens","playful,cute,cuddly,animal","love,human,small","forest,tree,mountain","automobiles,cars","amusement,parks,movies",zoo,"festivals,broadway,emotions","bat,stadium,baseball,popcorn",watersports,"magic,power,mystery",old,"glow,big,space,aliens",water,"corpse,undertaker,vampire",old,"family,children,parents","corpse,undertaker,vampire","fish,mermaid,sailor","police,lawyer,criminal","nike,sneaker,running",fantasy,"difficult,study,read,learning","pastor,jesus,people,steeple","festivals,broadway,emotions","gift,hands,food","food,ingredients,dessert","candles,recipes,balm","cake,cookies,pies,oven","pets,babies,family",pets,broke,"internet,information","strong,power,brave,courageous","automobiles,cars",broke,old,"wedding,love,rings","scare,fearful,silent,afraid","racing,mechanics,repair","whale,water,large",garden,"mythical,beast,majestic,fire","gift,hands,food","vehicle,driving,passenger,road,signs"
https://purvaten.github.io/doodles/D5/31/0.png,https://purvaten.github.io/doodles/D5/45/0.png,https://purvaten.github.io/doodles/D5/64/0.png,https://purvaten.github.io/doodles/D5/23/0.png,https://purvaten.github.io/doodles/D5/42/0.png,"flying,sky,pilot","home,decor,furniture","playful,cute,cuddly,animal","trump,gop,news","glow,big,space,aliens",airplane,curtains,cat,politics,moon,"flying,sky,pilot","sky,rain,weather","glow,big,space,aliens","birds,tropical","vehicle,driving,passenger,road,signs","banking,finance,support","tire,car,key","internet,information",garden,supplements,"home,decor,furniture",decorations,cookware,garden,"gift,hands,food","spooky,haunted,halloween","candles,recipes,balm","pastor,jesus,people,steeple","sports,competition","soccer,worldcup,fifa","playful,cute,cuddly,animal","dogs,animals","cartoon,toy,polar",pets,"love,human,small","spring,animals","pets,babies,family","internet,information","home,decor,furniture","mythical,beast,majestic,fire","trump,gop,news",news,usa,"banking,finance,support",healthcare,"bat,stadium,baseball,popcorn","family,children,parents","spring,animals",gambling,"pastor,jesus,people,steeple","glow,big,space,aliens","love,human,small","spooky,haunted,halloween","cartoon,toy,polar","mythical,beast,majestic,fire",library,supplements,"secretary,boss","nike,sneaker,running","festivals,broadway,emotions"
https://purvaten.github.io/doodles/D5/70/0.png,https://purvaten.github.io/doodles/D5/15/0.png,https://purvaten.github.io/doodles/D5/43/0.png,https://purvaten.github.io/doodles/D5/57/0.png,https://purvaten.github.io/doodles/D5/16/0.png,"royalty,structure,magical,historic","cold,white,winter",healthcare,ocean,technology,castle,snow,sick,fish,mouse,"royalty,structure,magical,historic","mythical,beast,majestic,fire","magic,power,mystery","spooky,haunted,halloween","love,human,small","pets,babies,family",usa,"brown,round,edges","corpse,undertaker,vampire","sports,competition","cold,white,winter","sky,rain,weather","spring,animals","vacation,beach,sunny","weather,disaster",news,"nike,sneaker,running","difficult,study,read,learning","dogs,animals","pollution,dirt,wastage",healthcare,"banking,finance,support",technology,"trump,gop,news","internet,information","love,human,small","mythical,beast,majestic,fire",news,"plant,flower,petals,thorn,stem","gift,hands,food",ocean,"whale,water,large","fish,waves,boats",water,"birds,tropical","candles,recipes,balm",fantasy,"nature,plants",supplements,"trump,gop,news",technology,"internet,information",healthcare,"automobiles,cars",automobile,"police,lawyer,criminal","players,balls","pastor,jesus,people,steeple",decorations,"food,ingredients,dessert"
https://purvaten.github.io/doodles/D5/59/0.png,https://purvaten.github.io/doodles/D5/5/0.png,https://purvaten.github.io/doodles/D5/9/0.png,https://purvaten.github.io/doodles/D5/39/0.png,https://purvaten.github.io/doodles/D5/81/0.png,"pastor,jesus,people,steeple","bat,stadium,baseball,popcorn","dogs,animals",gambling,supplements,church,baseball,pitbull,poker,caplet,"pastor,jesus,people,steeple","cross,bible,church,heart","priest,nun,bishop","wedding,love,rings","corpse,undertaker,vampire","nature,plants","soccer,worldcup,fifa","birds,tropical","cake,cookies,pies,oven","vehicle,driving,passenger,road,signs","bat,stadium,baseball,popcorn","players,balls","amusement,parks,movies","sports,competition","soccer,worldcup,fifa","internet,information","home,decor,furniture","wedding,love,rings","trump,gop,news","whale,water,large","dogs,animals",pets,"spring,animals","pets,babies,family","playful,cute,cuddly,animal","secretary,boss","weather,disaster","pastor,jesus,people,steeple","tire,car,key","priest,nun,bishop",gambling,"sports,competition","amusement,parks,movies","banking,finance,support",fantasy,"gift,hands,food","playful,cute,cuddly,animal",win,"food,ingredients,dessert","corpse,undertaker,vampire",supplements,drinks,"food,ingredients,dessert","candles,recipes,balm",pets,fantasy,"royalty,structure,magical,historic","pastor,jesus,people,steeple","cross,bible,church,heart","gift,hands,food"
